		Sa-	Mono-	Poli-																				
Número do	Descrição dos alimentos	turados	insaturados	insaturados	12:0	14:0	16:0	18:0	20:0	22:0	24:0	Número do	14:1	16:1	18:1	20:1	18:2 n-6	18:3 n-3	20:4	20:5	22:5	22:6	18:1t	18:2t
Alimento		(g)	(g)	(g)	(g)	(g)	(g)	(g)	(g)	(g)	(g)	Alimento	(g)	(g)	(g)	(g)	(g)	(g)	(g)	(g)	(g)	(g)	(g)	(g)
Cereais e derivados																								
1	Arroz, integral, cozido	0.3	0.4	0.3		Tr	0.25	0.02	Tr	Tr	Tr	1			0.36	Tr	0.31	0.01			Tr			
2	Arroz, integral, cru	0.3	0.5	0.4		0.01	0.2393333393	0.02	0.01	Tr	Tr	2		Tr	0.45	Tr	0.38	0.02						
3	Arroz, tipo 1, cozido	0.2	Tr	Tr		Tr	0.16	0.01				3			0.04		0.06							
4	Arroz, tipo 1, cru	0.1	0.1	0.1	Tr	Tr	0.06	0.01	Tr	Tr	Tr	4			0.06		0.08	Tr						Tr
5	Arroz, tipo 2, cozido	0.1	0.1	0.1		Tr	0.12	0.02				5		Tr	0.12	Tr	0.09	Tr						
6	Arroz, tipo 2, cru	0.1	0.1	0.1		Tr	0.06	0.01	Tr	Tr	Tr	6			0.09	Tr	0.09	Tr						
7	Aveia, flocos, crua	1.54	3.155666667	3.016333333		0.01533333333	1.370333333	0.139	Tr		0.01533333333	7		Tr	3.101333333	0.05433333333	2.954333333	0.062						
8	Biscoito, doce, maisena	3.9	3.7	2.2	0.03	0.07	2.76	0.94	0.03	0.02	0.01	8		0.02	3.7	0.02	2.13	0.1					1.36	0.22
9	Biscoito, doce, recheado com chocolate	6.2	6.6	1.7	0.19	0.13	3.11	2.55	0.07	0.07	0.02	9		0.02	6.55	0.04	1.68	0.06					3.84	0.37
10	Biscoito, doce, recheado com morango	6.1	6.5	1.7	0.07	0.07	3.35	2.41	0.06			10		0.04	6.4	0.02	1.61	0.06					4.21	0.32
11	Biscoito, doce, wafer, recheado de chocolate	6.5	8.1	1.9		0.02	3.21	3.02	0.09	0.12	0.02	11	0.02	0.02	8.07	0.02	1.84	0.09					6.63	0.42
12	Biscoito, doce, wafer, recheado de morango	6.7	8.9	1.8		0.03	3.32	3.1	0.1	0.1	0.03	12		0.03	8.83	0.03	1.77	0.08					7.24	0.56
13	Biscoito, salgado, cream cracker	4.4	4.6	2.9	0.01	0.07	2.99	1.24	0.04	0.03	0.01	13		0.06	4.52	0.03	2.79	0.01					1.57	0.23
14	Bolo, mistura para	2.095	1.890166667	0.813	0.01	0.02683333333	1.027666667	0.9658333333	0.02183333333	0.02183333333	0.005	14		0.005	1.880166667	0.005	0.7781666667	0.03483333333					0.931	0.1528333333
15	Bolo, pronto, aipim	5	3.9	1.1	0.98	0.48	1.88	1.28	0.04	0.04	0.01	15		0.06	3.8	0.02	1	0.06	0.04				1.99	
16	Bolo, pronto, chocolate	5.5	6.2	3		0.06	2.97	2.33	0.07	0.06	0.02	16		0.06	6.15	0.04	2.83	0.04	0.02				2.49	0.42
17	Bolo, pronto, coco	4.9	3	1.8	1	0.48	1.82	1.24	0.03	0.03	0.01	17		0.05	2.92	0.03	1.69	0.06	0.02				0.89	0.19
18	Bolo, pronto, milho	4.5	3.9	1.5	0.79	0.37	1.79	1.19	0.04	0.05	0.01	18		0.06	3.79	0.03	1.34	0.08	0.04				1.82	0.17
19	Canjica, branca, crua	0.3	0.2	0.4			0.27	0.03	Tr		Tr	19		Tr	0.24	Tr	0.38	0.01						
20	Canjica, com leite integral	0.6036666667	0.3656666667	0.1496666667	0.01233333333	0.083	0.374	0.1466666667	Tr			20		0.019	0.3466666667		0.1496666667	Tr					0.024	
21	Cereais, milho, flocos, com sal	0.5	0.6	0.9		Tr	0.39	0.05	0.01	Tr	0.01	21		Tr	0.6	0.01	0.89	0.03						
22	Cereais, milho, flocos, sem sal	0.3	0.3	0.6		Tr	0.27	0.03	0.01	Tr	Tr	22		Tr	0.33	Tr	0.6	0.02						
23	Cereais, mingau, milho, infantil	0.3	0.3	0.5		Tr	0.26	0.03	Tr	Tr		23			0.28	Tr	0.45	0.01					Tr	Tr
24	Cereais, mistura para vitamina, trigo, cevada e aveia	0.5	0.4	1		Tr	0.43	0.03	Tr	Tr	Tr	24		Tr	0.34	0.02	0.93	0.06						0.01
25	Cereal matinal, milho	0.3566666667	0.3196666667	0.3286666667			0.318	0.03866666667	Tr	Tr	Tr	25		Tr	0.3196666667		0.3133333333	Tr		Tr			Tr	
26	Cereal matinal, milho, açúcar	0.23	0.2863333333	0.329			0.2013333333	0.02866666667	Tr	Tr	Tr	26		Tr	0.2863333333		0.329	Tr		Tr			Tr	
27	Creme de arroz, pó	0.4	0.3	0.4		0.01	0.37	0.03	Tr		0.01	27		Tr	0.31	Tr	0.43	0.01						
28	Creme de milho, pó	0.3	0.5	0.8			0.29	0.04	0.01		Tr	28		Tr	0.45	Tr	0.75	0.02						
29	Curau, milho verde	0.8173333333	0.468	0.1746666667	0.01466666667	0.1123333333	0.4836666667	0.1936666667	Tr			29	Tr	0.02966666667	0.4383333333		0.1746666667	Tr					0.03966666667	
30	Curau, milho verde, mistura para	3	4.9	1.4		0.01	1.55	1.3	0.05	0.06	0.03	30		 	4.85	0.03	1.38	0.03					2.81	0.63
31	Farinha, de arroz, enriquecida	0.2	0.1	0.2	Tr	Tr	0.18	0.01	Tr	Tr	Tr	31		Tr	0.08	Tr	0.17	0.01					Tr	Tr
		Sa-	Mono-	Poli-																				
Número do	Descrição dos alimentos	turados	insaturados	insaturados	12:0	14:0	16:0	18:0	20:0	22:0	24:0	Número do	14:1	16:1	18:1	20:1	18:2 n-6	18:3 n-3	20:4	20:5	22:5	22:6	18:1t	18:2t
Alimento		(g)	(g)	(g)	(g)	(g)	(g)	(g)	(g)	(g)	(g)	Alimento	(g)	(g)	(g)	(g)	(g)	(g)	(g)	(g)	(g)	(g)	(g)	(g)
32	Farinha, de centeio, integral	0.3	0.3	0.8		Tr	0.31	0.02	Tr	Tr		32		Tr	0.26	0.01	0.73							Tr
33	Farinha, de milho, amarela	0.4	0.4	0.6	Tr	Tr	0.3	0.04	0.01			33		Tr	0.38	Tr	0.63	0.02						
34	Farinha, de rosca	0.6	0.4	0.8	0.01	0.02	0.44	0.07	Tr			34		0.01	0.37	0.01	0.74	0.05					0.02	0.01
35	Farinha, de trigo	0.31	0.155	0.445		Tr	0.296	0.014	Tr	Tr	Tr	35		Tr	0.1346666667		0.431	0.014		Tr	Tr			Tr
36	Farinha, láctea, de cereais	3.3	1.4	0.6	0.12	0.5	1.73	0.58	0.01	0.01		36	0.03	0.11	1.2		0.59	0.03					0.13	0.02
37	Lasanha, massa fresca, cozida	0.6	0.4	0.1			0.48	0.1				37		0.02	0.4	Tr	0.1							
38	Lasanha, massa fresca, crua	0.5	0.4	0.4			0.39	0.08				38		0.01	0.39	Tr	0.38	0.01						
41	Macarrão, trigo, cru, com ovos	0.5353333333	0.3776666667	0.7566666667			0.4646666667	0.07066666667	Tr	Tr	Tr	41		Tr	0.3776666667	Tr	0.7303333333	0.02633333333						Tr
43	Milho, fubá, cru	0.4303333333	0.892	1.317			0.346	0.06833333333	0.016	Tr	Tr	43		Tr	0.892	Tr	1.289333333	0.02766666667			Tr			
44	Milho, verde, cru	0.2	0.2	0.6			0.16	0.01	Tr	Tr	Tr	44		Tr	0.23	Tr	0.53	0.02						
45	Milho, verde, enlatado, drenado	0.6	0.8	0.9			0.49	0.06	0.01			45		Tr	0.78	Tr	0.88	0.03						
46	Mingau tradicional, pó	0.1	Tr	0.1	Tr		0.12	0.01				46			0.05		0.13	0.01						
47	Pamonha, barra para cozimento, pré-cozida	0.5	0.7	1.4		0.01	0.37	0.12	0.01	0.01	0.01	47		 	0.65	0.02	1.32	0.09					0.07	0.04
48	Pão, aveia, forma	1.1	1	1.6	Tr	0.01	0.62	0.4	0.01	0.01		48		0.01	0.94	0.02	1.06	0.59					0.11	0.01
49	Pão, de soja	0.7	0.6	1.6		0.01	0.52	0.16	0.01	0.01		49		0.01	0.62	0.01	1.41	0.14					0.01	
50	Pão, glúten, forma	0.5	0.6	0.7		Tr	0.39	0.08	0.01	0.01		50		0.01	0.56	0.01	0.69	0.04					0.11	0.05
51	Pão, milho, forma	0.6	0.6	1	0.01	0.01	0.47	0.11	0.01	0.01		51		0.01	0.62	0.01	0.98	0.03					0.07	
52	Pão, trigo, forma, integral	0.7	0.8	1.1	Tr	0.01	0.5	0.19	0.01	0.01		52		0.02	0.74	0.01	0.98	0.08					0.21	0.07
53	Pão, trigo, francês	1	0.9	0.7	Tr	0.01	0.65	0.29	0.01	0.01		53		Tr	0.85	0.01	0.7	0.04					0.35	0.02
54	Pão, trigo, sovado	0.8	0.7	0.7	0.01	0.01	0.66	0.14				54		0.02	0.62	0.01	0.68	0.04					0.06	
55	Pastel, de carne, cru	3.692666667	2.909333333	1.104	0.07266666667	0.1206666667	2.471333333	0.9976666667	0.03333333333	0.014	0.008333333333	55	0.008333333333	0.05033333333	2.822666667	0.014	1.064666667	0.03933333333					0.521	0.07
56	Pastel, de carne, frito	4.831666667	5.877666667	7.596666667		0.1153333333	2.727	1.700666667	0.05766666667	0.09633333333	0.03866666667	56		0.077	5.743	0.03866666667	6.968666667	0.59	0.019				0.5393333333	0.154
59	Pastel, massa, crua	2.1	1.7	0.9	0.02	0.03	1.5	0.49	0.02	0.02	0.01	59		0.01	1.66	0.01	0.91	0.03					0.47	0.05
60	Pastel, massa, frita	6.9	10.1	21.2		0.04	4.92	1.48	0.16	0.2	0.08	60		Tr	9.75	0.33	19.61	1.32						
61	Pipoca, com óleo de soja, sem sal	2.357333333	3.693333333	9.189			1.768	0.4623333333	0.04566666667	0.056	0.02533333333	61			3.667666667	0.02566666667	8.483	0.691						
63	Torrada, pão francês	0.9	0.8	1		0.01	0.63	0.19	0.01	0.01	0.01	63		0.01	0.76	0.01	0.99	0.05					0.38	0.07
Verduras, hortaliças e derivados																								
64	Abóbora, cabotian, cozida	0.1	0.2	0.2		Tr	0.12	0.02	Tr			64		Tr	0.22	Tr	0.15	0.08						
65	Abóbora, cabotian, crua	0.1203333333	0.082	0.04866666667			0.109	0.01133333333				65			0.082		0.035	0.01366666667						
68	Abóbora, moranga, refogada	0.12	0.1913333333	0.447			0.09166666667	0.02833333333	Tr	Tr		68			0.1913333333		0.398	0.049						
70	Abobrinha, italiana, cozida	0.1	Tr	0.1			0.05	Tr	Tr	Tr	Tr	70			Tr		0.03	0.03						
72	Abobrinha, italiana, refogada	0.1333333333	0.1806666667	0.4606666667			0.1046666667	0.02866666667	Tr	Tr	Tr	72			0.1806666667		0.397	0.06366666667						
		Sa-	Mono-	Poli-																				
Número do	Descrição dos alimentos	turados	insaturados	insaturados	12:0	14:0	16:0	18:0	20:0	22:0	24:0	Número do	14:1	16:1	18:1	20:1	18:2 n-6	18:3 n-3	20:4	20:5	22:5	22:6	18:1t	18:2t
Alimento		(g)	(g)	(g)	(g)	(g)	(g)	(g)	(g)	(g)	(g)	Alimento	(g)	(g)	(g)	(g)	(g)	(g)	(g)	(g)	(g)	(g)	(g)	(g)
81	Alfavaca, crua	0.1	Tr	0.2	Tr	Tr	0.11	0.02	Tr	Tr	Tr	81		0.01	0.01		0.04	0.16						
85	Almeirão, refogado	0.8	1.1	2.6			0.53	0.19	0.02	0.02	Tr	85		Tr	1.11	0.03	2.3	0.35						0.04
90	Batata, frita, tipo chips, industrializada	12.9	11.9	4	0.1	0.25	10.98	1.3	0.11	0.02	0.02	90		0.04	11.83	0.05	3.85	0.09					0.02	0.09
93	Batata, inglesa, frita	2.1	3.4	6.6		0.01	1.41	0.52	0.05	0.06	0.01	93		0.01	3.31	0.06	6.29	0.3						0.07
94	Batata, inglesa, sauté	0.3	0.2	0.4	0.02	0.01	0.19	0.07	Tr	Tr		94			0.2		0.33	0.03						
99	Biscoito, polvilho doce	2.4	4.3	0.6		0.03	1.48	0.8	0.05	0.05	0.02	99		 	4.25	0.01	0.56						4.05	0.4
100	Brócolis, cozido	0.1	Tr	0.2		Tr	0.08	0.01	Tr	Tr	Tr	100	Tr	0.01	0.02		0.06	0.1						Tr
101	Brócolis, cru	0.1366666667	0.05766666667	0.186			0.1176666667	0.019	Tr		Tr	101		0.02166666667	0.036		0.06766666667	0.1183333333						
104	Caruru, cru	0.1	Tr	0.3	Tr	Tr	0.13	0.01		Tr	Tr	104		0.02	0.03		0.09	0.17						
105	Catalonha, crua	0.1	Tr	0.1	Tr		0.06	Tr	Tr	Tr	Tr	105		Tr	Tr		0.04	0.1						
106	Catalonha, refogada	0.71	1.07	2.976666667			0.51	0.15	0.02	0.02	0.01	106		0.01333333333	1.036666667	0.02	2.483333333	0.4833333333						0.01
109	Cenoura, cozida	Tr	Tr	0.1			0.03	Tr				109		 	Tr		0.12	Tr						
115	Couve, manteiga, crua	0.12	Tr	0.1286666667			0.09866666667	0.02133333333				115		0.02	0.01866666667		0.05266666667	0.076						
116	Couve, manteiga, refogada 	1	1.6	3.6			0.7	0.25	0.03	0.03	0.01	116			1.52	0.04	3.16	0.38						
118	Couve-flor, cozida	0.1	Tr	0.1			0.06	Tr	Tr			118		Tr	0.02		0.06	0.06						
120	Espinafre, Nova Zelândia, refogado	0.9	1.3	2.9			0.6	0.22	0.02	0.03	0.02	120		Tr	1.27	0.04	2.55	0.38						0.04
121	Farinha, de mandioca, crua	0.1	0.1	Tr	Tr	Tr	0.08	0.02	Tr	Tr	Tr	121	Tr	Tr	0.08	Tr	0.03	0.01					Tr	0.1
122	Farinha, de mandioca, torrada	0.1	0.1	Tr	Tr	0.03	0.09	0.01				122			0.08		0.03	0.01						
123	Farinha, de puba	0.227	0.1853333333	Tr			0.2036666667	0.02066666667				123			0.1853333333		0.036							
126	Inhame, cru	0.077	Tr	0.078			0.077	Tr	Tr	Tr	Tr	126			0.04466666667		0.078	Tr						
127	Jiló, cru	0.07466666667	0.05066666667	0.1993333333			0.05366666667	0.021	Tr	Tr	Tr	127		Tr	0.05066666667		0.1993333333	Tr						
128	Jurubeba, crua	0.5	0.5	2.1			0.29	0.13	0.01	0.01	0.01	128		0.03	0.48	Tr	2.09	0.03						
129	Mandioca, cozida	0.1	0.1	0.1			0.07	Tr				129			0.1		0.05	0.01						
130	Mandioca, crua	0.062	0.1223333333	Tr			0.062	Tr	Tr	Tr	Tr	130		Tr	0.1223333333	Tr	0.04	Tr					Tr	
131	Mandioca, farofa, temperada	1.9	2.4	2.5	Tr	0.03	1.26	0.54	0.03	0.02	0.01	131		0.04	2.38	0.02	2.29	0.19					0.49	0.14
132	Mandioca, frita	1.6961	2.771666667	6.182333333			1.195	0.3816666667	0.03233333333	0.05476666667	0.02133333333	132			2.725333333	0.04633333333	5.576	0.574						0.04266666667
133	Manjericão, cru	0.1293333333	Tr	0.2656666667			0.1123333333	0.017	Tr			133		0.01833333333	0.013		0.052	0.2136666667						
136	Nhoque, batata, cozido	0.5586666667	0.4746666667	0.778	0.02433333333	0.013	0.3983333333	0.1473333333	Tr	Tr	Tr	136		0.008666666667	0.466	Tr	0.7243333333	0.05366666667	Tr					
138	Palmito, Juçara, em conserva	0.1	Tr	0.1	Tr	Tr	0.07	Tr	Tr	Tr	0.01	138			0.03		0.09	0.01						Tr
141	Pão, de queijo, cru	3.4	3	4.1	0.08	0.29	2	0.74	0.03	0.03		141	0.03	0.08	2.92	 	3.67	0.36					0.63	0.12
151	Repolho, roxo, refogado	0.1933333333	0.284	0.6806666667			0.1516666667	0.04166666667	Tr	Tr	Tr	151			0.284	Tr	0.6086666667	0.072						Tr
153	Salsa, crua	0.08133333333	Tr	0.1956666667			0.08133333333	Tr	Tr	Tr	Tr	153		Tr	0.023		0.1083333333	0.08733333333			Tr			
		Sa-	Mono-	Poli-																				
Número do	Descrição dos alimentos	turados	insaturados	insaturados	12:0	14:0	16:0	18:0	20:0	22:0	24:0	Número do	14:1	16:1	18:1	20:1	18:2 n-6	18:3 n-3	20:4	20:5	22:5	22:6	18:1t	18:2t
Alimento		(g)	(g)	(g)	(g)	(g)	(g)	(g)	(g)	(g)	(g)	Alimento	(g)	(g)	(g)	(g)	(g)	(g)	(g)	(g)	(g)	(g)	(g)	(g)
154	Seleta de legumes, enlatada	0.1243333333	0.2223333333	0.2113333333			0.09633333333	0.028	Tr	Tr	Tr	154			0.2223333333		0.1983333333	0.013					Tr	Tr
155	Serralha, crua	0.1	0.1	0.3	Tr	Tr	0.13	0.02	0.02	0.02	Tr	155		 	0.04		0.07	0.26						
156	Taioba, crua	0.2	0.1	0.4	Tr	Tr	0.18	0.04	0.02	Tr	0.01	156		0.02	0.05		0.12	0.25						
159	Tomate, molho industrializado	0.1	0.1	0.2	Tr	Tr	0.06	0.02	Tr	Tr	Tr	159		Tr	0.09	Tr	0.17	0.02					Tr	Tr
																								
Frutos e derivados																								
163	Abacate, cru	2.3	4.3	1.4		0.01	2.2	0.1	0.02			163		0.2	4.12	0.02	1.29	0.08						
166	Abiu, cru	0.3	0.1	0.1			0.3	0.03				166			0.11		0.1	0.02						
167	Açaí, polpa, com xarope de guaraná e glucose	0.7	1.9	0.3		Tr	0.58	0.07	Tr			167		0.07	1.88	Tr	0.3	0.02						
168	Açaí, polpa, congelada	0.7313333333	2.014	0.377		Tr	0.6566666667	0.06866666667	Tr			168		0.08333333333	1.930666667		0.354	0.023						
173	Ameixa, em calda, enlatada, drenada 	0.1	Tr	0.1			0.07	0.02	0.01			173			0.03	0.01	0.07	0.01						
174	Atemóia, crua	0.1	Tr	0.1			0.09	0.03	Tr	Tr	Tr	174			0.01		0.06	0.04						
191	Ciriguela, crua	0.2	Tr	0.1		0.01	0.11	0.02		Tr	Tr	191			0.02		0.07	0.03						
192	Cupuaçu, cru	0.4	0.2	0.1		Tr	0.37	0.04	Tr	Tr	Tr	192		0.01	0.2		0.03	0.09						
193	Cupuaçu, polpa, congelada	0.3	0.1	Tr		Tr	0.26	0.03	Tr	Tr	Tr	193		Tr	0.13	Tr	0.01	0.03					Tr	
196	Fruta-pão, crua	0.1	Tr	Tr			0.08	Tr	Tr	Tr	Tr	196			0.02		0.01	0.02						
197	Goiaba, branca, com casca, crua	0.05666666667	Tr	0.232			0.04033333333	0.01633333333	Tr		Tr	197			0.032		0.232	Tr						
200	Goiaba, vermelha, com casca, crua	0.05366666667	Tr	0.2566666667			0.03633333333	0.01733333333	Tr		Tr	200			0.04433333333		0.2566666667	Tr						
201	Graviola, crua	Tr	0.1	Tr			0.05	Tr				201			0.08		0.01	0.02						
204	Jaca, crua	0.1	0.1	Tr			0.09	Tr	Tr	Tr	Tr	204		Tr	0.07		Tr	0.02						
207	Kiwi, cru	0.05833333333	0.099	0.3486666667			0.03566666667	0.02266666667	Tr			207		Tr	0.099		0.06	0.2886666667						
221	Maçã, Argentina, com casca, crua	0.1	Tr	Tr		Tr	0.04	0.02	Tr	Tr	Tr	221		Tr	0.02		0.04	0.01						
223	Macaúba, crua	7.1	25.3	6.5		0.04	6.01	0.97	0.05			223		0.67	24.57	0.04	6.18	0.3						
228	Manga, Haden, crua	0.1	0.1	Tr	Tr	Tr	0.07	Tr	Tr	Tr	Tr	228		0.04	0.05	Tr	0.02	0.02						
230	Manga, polpa, congelada	0.1	0.1	Tr		0.01	0.07	Tr				230		0.03	0.05		0.01	0.02						
231	Manga, Tommy Atkins, crua	0.1	0.1	Tr	Tr	0.03	0.05	Tr	Tr	Tr	Tr	231		0.04	0.04	Tr	Tr	0.04					Tr	
232	Maracujá, cru	0.2203333333	0.2756666667	0.938			0.17	0.05033333333	Tr			232		Tr	0.2756666667		0.915	0.023						
242	Pêra, Park, crua	0.1	Tr	0.1		Tr	0.05	0.01	0.01	0.01	0.01	242		Tr	0.02	Tr	0.05	0.01						
246	Pinha, crua	0.1	Tr	0.1			0.08	0.01		Tr	Tr	246			0.03		0.08	0.04						
250	Tamarindo, cru	0.1	0.2	Tr		Tr	0.09	0.01	Tr	Tr	Tr	250		Tr	0.18	Tr	0.02	0.02					Tr	
253	Tucumã, cru	4.693	9.681	0.8803333333		0.018	3.184333333	1.185333333	0.2543333333	0.018	0.018	253			9.62	0.061	0.3003333333	0.58						
																								
		Sa-	Mono-	Poli-																				
Número do	Descrição dos alimentos	turados	insaturados	insaturados	12:0	14:0	16:0	18:0	20:0	22:0	24:0	Número do	14:1	16:1	18:1	20:1	18:2 n-6	18:3 n-3	20:4	20:5	22:5	22:6	18:1t	18:2t
Alimento		(g)	(g)	(g)	(g)	(g)	(g)	(g)	(g)	(g)	(g)	Alimento	(g)	(g)	(g)	(g)	(g)	(g)	(g)	(g)	(g)	(g)	(g)	(g)
Gorduras e óleos																								
259	Azeite, de dendê	43.1	40.1	16.6	0.28	0.79	36.77	4.61	0.35	0.1	0.08	259		0.14	39.86	0.24	15.69	0.83						0.14
260	Azeite, de oliva, extra virgem	14.9	75.5	9.5			11.3	2.96	0.38	0.12	0.05	260		1.09	74.01	0.25	8.74	0.75						
261	Manteiga, com sal	49.2	20.4	1.2	2.09	8.06	23.01	9.3	0.15			261	0.81	0.98	17.94	0.13	0.89	0.27					2.5	0.8
262	Manteiga, sem sal	51.5	21.9	1.5	2.11	7.96	23.87	9.64	0.14			262	0.78	0.98	19.8	0.12	1.22	0.27					2.31	0.51
263	Margarina, com óleo hidrogenado, com sal (65% de lipídeos)	14.9	18.2	21.4	0.06	0.11	8.29	5.75	0.23	0.28	0.09	263		0.05	17.87	0.28	19.48	1.74					8.69	1.3
265	Margarina, com óleo interesterificado, com sal (65%de lipídeos)	21.9	15	27.6	2.5	1	12.91	4.35	0.21	0.2	0.08	265		0.06	14.7	0.26	24.85	2.64					0.09	0.24
266	Margarina, com óleo interesterificado, sem sal (65% de lipídeos)	20.9	14.4	26.5	2.35	0.94	12.41	4.15	0.2	0.19	0.08	266		0.05	14.07	0.25	23.79	2.58					0.12	0.2
267	Óleo, de babaçu	50.9	18.6	30.2	25.03	7.92	9.46	3.14	0.17	0.21	0.07	267			18.51	0.25	27.17	2.86						0.19
268	Óleo, de canola	7.9	62.6	28.4		0.06	4.59	2.21	0.57	0.3	0.15	268		0.2	61.14	1.11	20.87	6.78						0.37
269	Óleo, de girassol	10.8	25.4	62.6		0.07	6.1	3.42	0.26	0.67	0.25	269		0.08	25.15	0.18	62.22	0.39						1.14
270	Óleo, de milho	15.2	33.4	50.9			12.12	2.18	0.49	0.18	0.19	270		0.12	33.04	0.23	49.94	0.96						0.48
271	Óleo, de pequi	39.9	55.8	4.2		0.09	37.37	2.08	0.19	0.05	0.06	271		0.83	54.73	0.14	3.74	0.51						
272	Óleo, de soja	15.2	23.3	60		0.08	10.83	3.36	0.33	0.43	0.14	272		0.09	22.98	0.6	53.85	5.72						0.5
																								
Pescados e frutos do mar																								
273	Abadejo, filé, congelado, assado	0.5743333333	0.3453333333	0.1456666667		0.01433333333	0.4366666667	0.107				273		0.01933333333	0.2873333333	0.02133333333	0.01966666667	Tr	Tr	0.05966666667	Tr	0.06633333333	Tr	
274	Abadejo, filé, congelado,cozido	0.381	0.2593333333	0.174		Tr	0.2883333333	0.08133333333				274		0.01133333333	0.2216666667	0.01533333333	0.028		Tr	0.06233333333	Tr	0.08366666667		
275	Abadejo, filé, congelado, cru	0.1	Tr	0.1	Tr	Tr	0.06	0.02				275		Tr	0.04	Tr	Tr		0.01	0.01	Tr	0.08		
276	Abadejo, filé, congelado, grelhado	0.5546666667	0.3226666667	0.5623333333		0.01333333333	0.4193333333	0.1056666667				276		0.01466666667	0.2746666667	0.01566666667	0.02066666667	0.02133333333	Tr	0.103		0.4173333333		
277	Atum, conserva em óleo	1	1.3	3.2		0.02	0.7	0.26	0.02	0.02		277		0.02	1.27	0.02	2.68	0.29	0.03	0.03		0.19		0.04
278	Atum, fresco, cru	0.5	0.2	Tr		0.01	0.27	0.17	Tr	Tr	Tr	278		0.02	0.18	Tr	0.01	0.01	Tr	Tr		0.01	Tr	
279	Bacalhau, salgado, cru	0.6	0.3	0.2	Tr	0.03	0.43	0.14		Tr	Tr	279		0.03	0.28	Tr	0.02	0.08	0.03	0.02		0.06	Tr	
280	Bacalhau, salgado, refogado	0.9	1.1	1.2		0.02	0.65	0.23	0.02	0.02	Tr	280		0.02	1.01	0.03	1.08	0.07	Tr	0.04		0.04	0.03	0.01
281	Cação, posta, com farinha de trigo, frita	1.496	2.212666667	5.216333333		0.006	1.027333333	0.3706666667	0.02666666667	0.04166666667	0.01766666667	281		0.006	2.168	0.02666666667	4.62	0.469	0.01766666667	0.01166666667	0.01766666667	0.06566666667		
282	Cação, posta, cozida	0.2	0.1	0.2			0.07	0.12				282		Tr	0.08	0.01	Tr		0.03	0.01	0.01	0.12		
283	Cação, posta, crua	0.1	0.1	0.2	Tr	Tr	0.07	0.07				283		Tr	0.06	0.01	Tr		0.02	0.02	0.02	0.1		
284	Camarão, Rio Grande, grande, cozido	0.4	0.2	0.2		0.01	0.23	0.14	0.01	0.01	Tr	284		0.05	0.16	0.01	0.03	Tr	0.04	0.08	0.01	0.09	0.01	
285	Camarão, Rio Grande, grande, cru	0.1	0.1	0.2		Tr	0.08	0.04	Tr			285		0.02	0.06	Tr	0.02	Tr	0.02	0.08	0.01		Tr	
286	Camarão, Sete Barbas, sem cabeça, com casca, frito	2.468333333	3.608666667	8.826333333			1.692	0.5873333333	0.045	0.08466666667	0.02966666667	286		0.045	3.544		7.760666667	0.8216666667	0.045	0.08466666667		0.09933333333		
287	Caranguejo, cozido	0.2	0.2	Tr			0.1	0.09	0.01	0.01		287		0.01	0.14		0.03	Tr						
288	Corimba, cru	2.5	2.3	0.3		0.3	1.57	0.31	0.01	0.02		288		1.21	1.02	0.01	0.09	0.12	0.03	0.04	0.01	0.03	0.04	
		Sa-	Mono-	Poli-																				
Número do	Descrição dos alimentos	turados	insaturados	insaturados	12:0	14:0	16:0	18:0	20:0	22:0	24:0	Número do	14:1	16:1	18:1	20:1	18:2 n-6	18:3 n-3	20:4	20:5	22:5	22:6	18:1t	18:2t
Alimento		(g)	(g)	(g)	(g)	(g)	(g)	(g)	(g)	(g)	(g)	Alimento	(g)	(g)	(g)	(g)	(g)	(g)	(g)	(g)	(g)	(g)	(g)	(g)
289	Corimbatá, assado	4.8	6.393333333	2.583333333		0.51	3.253333333	0.83				289		2.91	3.22	0.2633333333	0.43	0.1666666667	0.16	0.8366666667	0.3266666667	0.2566666667		
290	Corimbatá, cozido	4.45	6.473333333	2.283333333		0.5233333333	3.146666667	0.6766666667				290		3.123333333	3.106666667	0.2433333333	0.2066666667	0.17	0.1633333333	0.8933333333	0.3633333333	0.2866666667		
291	Corvina de água doce, crua	1.2	0.7	0.1		0.04	0.75	0.26	0.01	0.01	0.01	291		0.18	0.49	Tr	0.04	0.03	0.02	0.01	Tr	Tr	0.01	
292	Corvina do mar, crua	0.7	0.5	0.1		0.05	0.46	0.13	0.01	Tr	0.01	292		0.2	0.27	0.02	0.01	0.02	0.02	0.03	0.03	0.04	0.01	
293	Corvina grande, assada	1.5	1.2	0.3		0.12	0.99	0.32	0.02	0.01	Tr	293	0.01	0.42	0.69	0.03	0.03		0.04	0.05	0.04	0.05	0.02	
294	Corvina grande, cozida	0.7466666667	0.62	0.6266666667		0.05666666667	0.49	0.1666666667				294		0.23	0.3333333333	0.02666666667	0.02	0.01333333333	0.08666666667	0.1733333333	0.1	0.2033333333	0.01	
295	Dourada de água doce, fresca	2.973666667	1.418666667	0.357	0.005	0.193	1.848	0.66	0.02866666667	0.04566666667	0.03733333333	295		0.2946666667	1.049333333	0.07466666667	0.137		0.06266666667	0.022	0.02533333333	0.044	0.02033333333	
296	Lambari, congelado, cru	2	2.2	1.2	0.02	0.16	1.24	0.47	0.02	0.04		296		0.34	1.82	0.02	0.49	0.17	0.21	0.13	0.06	0.18	0.01	
297	Lambari, congelado, frito	5.5	7	8.1		0.22	3.4	1.39	0.09	0.12	0.04	297	0.04	0.02	6.72	0.11	6.43	0.78	0.34	0.03	0.08	0.23	0.04	0.06
298	Lambari, fresco,cru	3.403333333	3.284	1.102333333	0.02533333333	0.1493333333	2.106	0.8826666667	0.04233333333	0.02533333333	0.04233333333	298		0.3863333333	2.835666667	0.05066666667	0.5723333333		0.1183333333	0.09866666667	0.04766666667	0.121	0.08466666667	0.02266666667
299	Manjuba, com farinha de trigo, frita	5.463333333	5.363666667	10.42533333		0.2806666667	3.736666667	1.08	0.08633333333	0.1076666667	0.04333333333	299		0.3026666667	4.902666667	0.09366666667	7.530666667	0.8423333333	0.08633333333	0.4393333333	0.173	1.159666667		0.04333333333
300	Manjuba, frita	5.3	6	11.7		0.21	3.59	1.17	0.09	0.13	0.06	300		0.23	5.53	0.15	8.92	0.87	0.08	0.35	0.14	1.13		
301	Merluza, filé, assado	0.2	0.1	0.3			0.12	0.06			Tr	301		Tr	0.1	Tr	0.02		0.02	0.03	Tr	0.23		
302	Merluza, filé, cru	0.9	0.5	0.4		0.17	0.59	0.08	Tr		0.02	302		0.15	0.35	Tr	0.03	0.05	0.02	0.03	0.02	0.11		
303	Merluza, filé, frito	1.4	2.086666667	4.273333333		0.08	1.033333333	0.26		0.02666666667		303		0.1366666667	1.773333333	0.09666666667	3.07	0.3566666667		0.19	Tr	0.6		
304	Pescada, branca, crua	0.8	2.4	0.9		0.04	0.4	0.22	0.02	0.01	0.01	304		0.75	1.61	Tr	0.04	0.05	0.05	0.18	0.13	0.43	0.01	
305	Pescada, branca, frita	2.3	3.2	5.2		0.14	1.55	0.48	0.04	0.05	0.02	305		0.16	2.78	0.19	4.21	0.41	0.02	0.01	0.03	0.45	0.01	0.06
306	Pescada, filé, com farinha de trigo, frito	2.176666667	4.44	9.053333333			1.546666667	0.5266666667	0.04333333333	0.06		306		0.46	3.913333333	0.06666666667	6.626666667	0.7533333333	0.05333333333	0.2233333333	0.08333333333	0.54		
307	Pescada, filé, cru	0.9	2.3	0.3		0.05	0.47	0.24	0.02	0.01	0.01	307		0.77	1.51	Tr	0.03	0.04	0.02	0.06	0.04	0.13	0.01	
308	Pescada, filé, frito	1	1.1	1.2		0.06	0.64	0.23	0.02	0.01	Tr	308		0.1	0.98	0.04	0.87	0.07	0.02	0.02	0.01	0.12	0.02	0.01
309	Pescada, filé, molho escabeche	1.306666667	2.946666667	4.3			0.9633333333	0.2833333333	0.02666666667	0.03333333333		309		0.09	2.82	0.03666666667	3.746666667	0.4066666667		0.03	0.01666666667	0.1		
310	Pescadinha, crua	0.3	0.2	0.4		0.02	0.19	0.05			Tr	310		0.03	0.15	0.01	0.01	0.01	0.01	0.09	0.01	0.23		
311	Pintado, assado	1.8	1.3	0.3	Tr	0.16	1.05	0.46	0.02	0.01		311	0.02	0.18	0.97	0.06	0.12	0.06	0.04	0.01		0.02	Tr	0.01
312	Pintado, cru	0.6	0.4	0.1		0.03	0.4	0.12	Tr	Tr	Tr	312		0.12	0.32	Tr	0.02	0.02	0.01	0.01	0.01	0.01	Tr	
313	Pintado, grelhado	1.1	0.7	0.2	Tr	0.04	0.61	0.34	0.01	0.01		313	0.01	0.09	0.5	0.03	0.09	0.02	0.02	0.01	Tr	Tr	Tr	Tr
314	Porquinho, cru	0.4	0.1	Tr	Tr	0.01	0.19	0.14	Tr	Tr	Tr	314		0.01	0.11	Tr	0.02	Tr	Tr	Tr		Tr	Tr	
315	Salmão, filé, com pele, fresco,  grelhado	3.14	4.36	6.97		0.5066666667	2.023333333	0.61				315		0.6933333333	3.37	0.23	2.99	0.3966666667	0.09333333333	1.206666667	0.5933333333	1.22		
316	Salmão, sem pele, fresco, cru	2.472333333	2.9	3.132666667	0.01233333333	0.3013333333	1.389333333	0.4933333333	0.042	0.1193333333	0.068	316		0.363	2.255666667	0.1893333333	1.734333333	0.02666666667	0.04433333333	0.429	0.217	0.4613333333		
317	Salmão, sem pele, fresco, grelhado	3.578666667	4.145666667	4.979333333	0.013	0.423	2.000666667	0.7323333333	0.052	0.1746666667	0.1046666667	317		0.5363333333	3.182333333	0.2876666667	2.433	0.3313333333	0.074	0.7153333333	0.3573333333	0.7456666667	0.02166666667	
318	Sardinha, assada	1.7	0.5	0.3		0.16	1.07	0.36	0.03	0.02	0.01	318	Tr	0.11	0.33	0.02	0.04	0.02	0.02	0.05	Tr	0.18		
319	Sardinha, conserva em óleo	4.1	5.5	11.9		0.32	2.66	0.84	0.11	0.11	0.04	319		0.33	5.03	0.09	9.78	0.99	0.09	0.44	0.06	0.46		0.07
320	Sardinha, frita	2.6	3.1	6.1		0.07	1.71	0.62	0.06	0.07	0.02	320		0.06	2.92	0.04	5.13	0.43	0.03	0.09	0.01	0.36		0.09
		Sa-	Mono-	Poli-																				
Número do	Descrição dos alimentos	turados	insaturados	insaturados	12:0	14:0	16:0	18:0	20:0	22:0	24:0	Número do	14:1	16:1	18:1	20:1	18:2 n-6	18:3 n-3	20:4	20:5	22:5	22:6	18:1t	18:2t
Alimento		(g)	(g)	(g)	(g)	(g)	(g)	(g)	(g)	(g)	(g)	Alimento	(g)	(g)	(g)	(g)	(g)	(g)	(g)	(g)	(g)	(g)	(g)	(g)
321	Sardinha, inteira, crua	1.7	0.5	0.2	Tr	0.21	1	0.27	0.02	0.01	0.01	321		0.13	0.28	0.02	0.03	0.02	0.01	0.03	Tr	0.06	Tr	
322	Tucunaré, filé, congelado, cru	0.6	0.4	0.4	Tr	0.03	0.37	0.17	0.01	0.02	Tr	322		0.08	0.26	0.01	0.09	0.02	0.1		0.02	0.12	0.01	Tr
																								
Carnes e derivados																								
323	Apresuntado	1.933333333	2.586666667	1.133333333		0.06666666667	1.233333333	0.6133333333				323		0.1333333333	2.393333333	0.04333333333	1.003333333	0.04333333333						
324	Caldo de carne, tablete	7.8	2.5	0.1		0.14	3.91	3.64	0.05	0.02		324		0.03	2.47		0.13						5.32	0.1
325	Caldo de galinha, tablete	9.4	3.2	0.2	0.09	0.12	3.98	5.07	0.07	0.05	0.02	325		0.04	3.14	 	0.25						6.19	0.11
326	Carne, bovina, acém, moído, cozido	4.8	4.6	0.3		0.27	2.5	1.83	0.01	0.01		326		0.33	4.17	0.03	0.22	0.02	0.02				0.22	0.02
327	Carne, bovina, acém, moído, cru	2.7	2.4	0.1		0.14	1.35	1.09	0.01	0.01		327		0.18	2.22	0.01	0.12	0.01	0.01				0.1	
328	Carne, bovina, acém, sem gordura, cozido	5.5	3.7	0.3	0.01	0.36	2.68	2.16	0.01	0.01		328		0.33	3.32	0.04	0.22	0.03	0.01				0.28	0.02
329	Carne, bovina, acém, sem gordura, cru	2.8	2.3	0.2		0.14	1.33	1.19	0.01			329		0.16	2.12	0.01	0.14	0.02	0.02	0.01			0.17	0.02
330	Carne, bovina, almôndegas, cruas	3.9	3.5	0.9	0.01	0.25	2.1	1.42	0.02	0.02		330		0.29	3.22	0.02	0.81	0.09	0.02				0.25	0.11
331	Carne, bovina, almôndegas, fritas	4.2	5	5.5		0.17	2.47	1.4	0.05	0.06	0.02	331	0.05	0.27	4.59	0.05	4.89	0.52	0.03				0.17	0.05
332	Carne, bovina, bucho, cozido	2.4	1.4	0.1		0.11	1.08	1.1	0.01		0.01	332		0.09	1.29		0.07	0.01	0.01				0.13	0.01
333	Carne, bovina, bucho, cru	3.3	1.4	0.1	0.01	0.07	1.52	1.49	0.01		0.02	333		0.14	1.26	0.01	0.09	0.01	0.01				0.07	0.01
334	Carne, bovina, capa de contra-filé, com gordura, crua	6.9	6.2	0.1	0.01	0.53	3.82	2.03	0.01			334		0.73	5.33	0.01	0.14		0.01				0.28	0.03
335	Carne, bovina, capa de contra-filé, com gordura, grelhada	8.8	8.7	0.3		0.53	4.93	2.82	0.02			335		0.88	7.67	0.04	0.22		0.04	0.02			0.28	0.02
336	Carne, bovina, capa de contra-filé, sem gordura, crua	1.9	1.9	0.1		0.12	1.05	0.58	Tr	Tr	Tr	336		0.2	1.66	0.01	0.07	Tr	0.01				0.06	Tr
337	Carne, bovina, capa de contra-filé, sem gordura, grelhada	4.3	4.3	0.2	0.01	0.27	2.42	1.29	0.01	0.01		337		0.44	3.85		0.16	0.04	0.04				0.14	0.01
338	Carne, bovina, charque, cozido	4.8	5.4	0.4		0.31	2.61	1.73	0.01	0.02		338	0.1	0.5	4.68	0.02	0.19	0.05	0.06	0.02	0.04		0.32	0.08
339	Carne, bovina, charque, cru	8.7	6.6	0.2		0.8	4.45	3.14				339		0.54	5.7	 	0.16						0.8	
340	Carne, bovina, contra-filé, à milanesa	7.242666667	8.076333333	6.904		0.329	4.206666667	2.348	0.04566666667	0.061	0.023	340	0.092	0.451	7.364666667	0.031	6.223666667	0.6116666667	0.04566666667		0.023		0.3593333333	
341	Carne, bovina, contra-filé de costela, cru	6.7	4.6	0.1	0.01	0.4	3.15	2.85	0.02	0.01		341		0.35	4.21	0.02	0.13						0.24	0.01
342	Carne, bovina, contra-filé de costela, grelhado	8.8	5.6	0.2	0.02	0.59	4.28	3.53	0.02			342		0.47	5.06		0.17	0.03	0.02				0.23	0.02
343	Carne, bovina, contra-filé, com gordura, cru	5.6	5.5	0.2	0.01	0.41	3.21	1.57	0.01	0.01		343		0.62	4.81	0.01	0.15	0.05	0.02				0.17	0.02
344	Carne, bovina, contra-filé, com gordura, grelhado	7.4	6.3	0.2	0.01	0.5	4.24	2.24	0.01			344		0.63	5.58		0.14	0.03	0.01				0.19	0.01
345	Carne, bovina, contra-filé, sem gordura, cru	2.7	2.6	0.1		0.15	1.48	0.89	0.01			345		0.22	2.32	0.01	0.09		0.02	0.01			0.08	0.01
346	Carne, bovina, contra-filé, sem gordura, grelhado	2.033333333	1.9	0.1		0.09	1.12	0.68			0.01	346		0.16	1.75		0.07	0.01	0.01				0.04	
347	Carne, bovina, costela, assada	11.8	12.1	0.3	0.03	0.89	6.32	3.76	0.03			347		1.17	10.64	0.08	0.13	0.15	0.03				0.76	0.1
348	Carne, bovina, costela, crua	14.9	12.7	0.3	0.03	1.11	7.76	5.15	0.03			348		1.31	11.05	0.12	0.15	0.12					0.76	0.15
349	Carne, bovina, coxão duro, sem gordura, cozido	3.5	4.1	0.2		0.2	1.99	1.14	0.01	0.01		349		0.45	3.59	0.01	0.11	0.02	0.02				0.16	0.08
350	Carne, bovina, coxão duro, sem gordura, cru	2.86	2.4	0.1		0.21	1.66	0.98	0.01			350		0.22	2.12		0.05	0.01	0.01				0.1	0.04
		Sa-	Mono-	Poli-																				
Número do	Descrição dos alimentos	turados	insaturados	insaturados	12:0	14:0	16:0	18:0	20:0	22:0	24:0	Número do	14:1	16:1	18:1	20:1	18:2 n-6	18:3 n-3	20:4	20:5	22:5	22:6	18:1t	18:2t
Alimento		(g)	(g)	(g)	(g)	(g)	(g)	(g)	(g)	(g)	(g)	Alimento	(g)	(g)	(g)	(g)	(g)	(g)	(g)	(g)	(g)	(g)	(g)	(g)
351	Carne, bovina, coxão mole, sem gordura, cozido	4.3	3.4	0.2		0.26	2.36	1.46	0.01			351		0.28	3.1	0.01	0.14	0.01	0.02				0.15	0.05
352	Carne, bovina, coxão mole, sem gordura, cru	3.9	3.7	0.1		0.29	2.34	1.06	0.01			352		0.45	3.23		0.08	0.01	0.01				0.12	0.02
353	Carne, bovina, cupim, assado	5.5	5.4	0.2	0.02	0.4	3.07	1.65	0.01	0.01		353		0.61	4.71	0.02	0.16	0.03	0.02				0.22	0.01
354	Carne, bovina, cupim, cru	6.8	6.4	0.2	0.01	0.46	3.8	2.06	0.01	0.01		354		0.71	5.56	0.04	0.15	0.06					0.3	0.03
355	Carne, bovina, fígado, cru	2.79	1.5	0.1	Tr	0.18	1.28	1.44	0.01	0.01	Tr	355		0.09	1.43	0.01	0.05	Tr	Tr		Tr		0.16	0.05
356	Carne, bovina, fígado, grelhado	4.7	2.2	1.1		0.14	2.3	1.86	0.01	0.12	0.02	356		0.23	1.89		0.37	0.1	0.31	0.07	0.16	0.04	0.09	0.02
357	Carne, bovina, filé mingnon, sem gordura, cru	2.9	1.9	0.2		0.17	1.44	1.16	0.01	0.01		357		0.15	1.69	0.01	0.11	0.02	0.03	0.01			0.1	0.01
358	Carne, bovina, filé mingnon, sem gordura, grelhado	4.5	3.1	0.2		0.25	2.21	1.76	0.01		0.01	358		0.23	2.87		0.16	0.02	0.02				0.14	0.02
359	Carne, bovina, flanco, sem gordura, cozido	3.9	2.8	0.1		0.27	2.07	1.4	0.01			359		0.28	2.49	0.01	0.08	0.01					0.16	
360	Carne, bovina, flanco, sem gordura, cru	3.1	2.3	0.1		0.19	1.65	1.13	0.01			360		0.18	2.09		0.07	0.01	0.01				0.11	0.02
361	Carne, bovina, fraldinha, com gordura, cozida	12.1	10.4	0.5	0.02	0.95	6.35	3.98	0.02			361		1.1	9.07	0.07	0.29	0.12	0.05				0.5	0.05
362	Carne, bovina, fraldinha, com gordura, crua	7.3	6.5	0.3	0.01	0.59	3.77	2.39	0.01			362		0.71	5.63	0.06	0.16	0.09	0.01				0.43	
363	Carne, bovina, lagarto, cozido	3.9	4	0.2		0.22	2.22	1.25	0.01	0.02		363		0.42	3.54	0.01	0.12	0.02	0.01				0.15	0.07
364	Carne, bovina, lagarto, cru	2.3	2.3	0.1		0.14	1.36	0.66		Tr		364		0.25	1.98		0.06	0.01	Tr				0.08	Tr
365	Carne, bovina, língua, cozida	11.2	10.3	0.5		0.68	5.54	4.2	0.02	0.02		365		0.77	9.31		0.43	0.09	0.02				0.41	0.02
366	Carne, bovina, língua, crua	6.8	6.8	0.3	0.01	0.41	3.4	2.63	0.01			366		0.48	6.11	0.06	0.26	0.04	0.01		0.01		0.29	0.01
367	Carne, bovina, maminha, crua	3.1	3.1	0.1	0.01	0.21	1.71	0.93	0.01			367		0.32	2.7	0.01	0.09	0.01	0.01				0.08	0.01
368	Carne, bovina, maminha, grelhada	9.7	7.7	0.2	0.02	0.63	4.96	3.49	0.04	0.02		368		0.77	6.79	0.04	0.19	0.04	0.02				0.42	0.06
369	Carne, bovina, miolo de alcatra, sem gordura, cru	3.4	3.3	0.1		0.2	1.79	1.1	0.01	0.01		369		0.36	2.85	0.02		0.04	0.03	0.01			0.16	0.01
370	Carne, bovina, miolo de alcatra, sem gordura, grelhado	5.1	4.9	0.3		0.32	2.82	1.61	0.01	0.01		370		0.52	4.28	0.03	0.16	0.04	0.04	0.01			0.21	0.01
371	Carne, bovina, músculo, sem gordura, cozido	2.9	2.8	0.1		0.13	1.64	0.99	0.01	0.01	0.01	371		0.26	2.48	0.01	0.09	0.03	0.01				0.13	0.05
372	Carne, bovina, músculo, sem gordura, cru	2.2	2.6	0.1		0.12	1.27	0.71	0.01	0.01		372		0.21	2.35	0.01	0.07	0.01	0.01				0.08	0.02
373	Carne, bovina, paleta, com gordura, crua	3.5	2.9	0.2	0.01	0.19	1.72	1.38	0.01			373		0.24	2.6	0.02	0.12	0.01	0.01				0.2	0.01
374	Carne, bovina, paleta, sem gordura, cozida	3.4	3	0.2	0.01	0.18	1.68	1.31	0.01	0.01	0.01	374		0.23	2.69	0.02	0.16	0.01	0.01				0.15	0.01
375	Carne, bovina, paleta, sem gordura, crua	2.7	2.1	0.1	0.01	0.15	1.33	1.11	0.01			375		0.16	1.9	0.01	0.11		0.01				0.15	0.03
376	Carne, bovina, patinho, sem gordura, cru	2	1.9	0.2		0.11	1.08	0.66		0.01		376		0.17	1.65	0.01	0.1	0.02	0.03				0.07	0.01
377	Carne, bovina, patinho, sem gordura, grelhado	3.1	3.1	0.3	0.01	0.15	1.59	1.13	0.01	0.01	0.01	377		0.25	2.81	0.04	0.17	0.03	0.05	0.01	0.03		0.11	0.01
378	Carne, bovina, peito, sem gordura, cozido	11.7	11.5	0.4	0.02	0.86	6.1	4.08	0.02			378		1.09	10.21	0.07	0.32	0.1	0.02				0.67	0.05
379	Carne, bovina, peito, sem gordura, cru	8.2	9.2	0.5		0.56	4.4	2.62	0.02			379		0.95	8.03	0.04	0.26	0.15	0.02				0.54	0.04
380	Carne, bovina, picanha, com gordura, crua	6.1	6.7	0.3		0.42	3.46	1.83	0.01	0.01		380		0.73	5.86	0.01	0.22	0.05	0.03				0.22	0.03
381	Carne, bovina, picanha, com gordura, grelhada	7.9	9.2	0.4		0.59	4.59	2.15	0.02	0.02		381		1.01	8.04	0.03	0.25	0.07	0.05	0.02			0.23	0.04
382	Carne, bovina, picanha, sem gordura, crua	2	2.1	0.1	Tr	0.15	1.18	0.61	Tr	Tr	Tr	382		0.22	1.83	0.01	0.08	Tr	0.01				0.04	Tr
		Sa-	Mono-	Poli-																				
Número do	Descrição dos alimentos	turados	insaturados	insaturados	12:0	14:0	16:0	18:0	20:0	22:0	24:0	Número do	14:1	16:1	18:1	20:1	18:2 n-6	18:3 n-3	20:4	20:5	22:5	22:6	18:1t	18:2t
Alimento		(g)	(g)	(g)	(g)	(g)	(g)	(g)	(g)	(g)	(g)	Alimento	(g)	(g)	(g)	(g)	(g)	(g)	(g)	(g)	(g)	(g)	(g)	(g)
383	Carne, bovina, picanha, sem gordura, grelhada	4.5	5.2	0.3	0.01	0.32	2.48	1.36	0.01	0.01	0.01	383		0.51	4.64		0.22		0.04				0.11	0.02
384	Carne, bovina, seca, cozida	10.5	8.3	0.4	0.03	0.68	5.11	4.42	0.04			384	0.12	0.59	7.52	0.03	0.24	0.08	0.05		0.05		0.71	0.22
385	Carne, bovina, seca, crua	8.7	7.5	0.3	0.02	0.7	4.45	3.05	0.03			385	0.18	0.4	6.76	0.04	0.18	0.1	0.03		0.05		0.59	0.07
386	Coxinha de frango, frita	2.6	3.4	4.7	0.01	0.03	1.76	0.65	0.05	0.06	0.02	386		0.02	3.32	0.07	4.33	0.32	0.01				0.45	0.13
388	Croquete, de carne, frito	5.083333333	7.353333333	11.54		0.1266666667	3.126666667	1.51	0.08	0.09666666667	0.04	388		0.1566666667	7.096666667	0.07	10.47333333	1.043333333					0.2733333333	
390	Empada, de frango, pré-cozida	5.4	5.2	1.4		0.03	2.62	2.56	0.08	0.08	0.03	390		0.04	5.12	0.03	1.22	0.07					6.21	0.96
391	Frango, asa, com pele, crua	4.4	6.6	3		0.09	3.36	0.93		0.03		391		0.8	5.75		2.96	0.01	0.06				0.03	0.01
392	Frango, caipira, inteiro, com pele, cozido	4.4	7.5	2.3		0.09	3.23	1	0.01	Tr		392		0.69	6.73	0.03	2.18	0.09	Tr		Tr	Tr	0.03	0.01
393	Frango, caipira, inteiro, sem pele, cozido	2.2	3.4	1.2		0.04	1.57	0.59	0.01	Tr	Tr	393		0.26	3.14	0.02	1.16	0.04	Tr		Tr	Tr	0.01	
394	Frango, coração, cru	4.9	6.3	3.4		0.12	3.49	1.16	0.01	0.01		394		0.66	5.56	0.06	3.15	0.13	0.09				0.09	
395	Frango, coração, grelhado	3.499666667	4.259666667	1.587666667		0.05733333333	2.332	1.033666667	0.019	0.019	0.009666666667	395	0.009666666667	0.369	0.083	0.03833333333	1.412	0.03833333333	0.083		0.009666666667		0.083	0.019
396	Frango, coxa, com pele, assada	3.1	3.8	2.2		0.06	2.28	0.76	0.02	Tr		396	0.01	0.38	3.35	0.02	2.11	0.09	Tr	Tr			0.12	0.02
397	Frango, coxa, com pele, crua	3	4.1	2.2		0.05	2.24	0.68	0.01	0.02		397		0.45	3.61	0.02	2	0.09	0.05				0.04	
398	Frango, coxa, sem pele, cozida	2	2.1	1.1		0.12	1.31	0.5	0.01	Tr		398	0.01	0.2	1.84	0.01	1.1	0.05	Tr	Tr				
399	Frango, coxa, sem pele, crua	1.6	2.1	0.8		0.03	1.19	0.4	Tr	0.01		399		0.24	1.82	0.01	0.8	0.02	0.03				0.01	
400	Frango, fígado, cru	1.3	0.7	0.6	Tr	0.02	0.69	0.58	0.01	0.01	0.01	400		0.05	0.58	0.01	0.38	0.01	0.13		0.03	0.02	0.01	
401	Frango, filé, à milanesa	1.6	2.4	3.3		0.02	1.09	0.44	0.03	0.04	0.02	401		0.05	2.24	0.03	3.01	0.23	0.04	0.02			0.02	0.02
402	Frango, inteiro, com pele, cru	5.2	7.2	3.9		0.11	3.94	1.01	0.02	0.03		402		0.88	6.31	0.03	3.57	0.2	0.07				0.07	
403	Frango, inteiro, sem pele, assado	2.1	2.6	1.8		0.04	1.48	0.57	0.01	Tr	Tr	403	0.01	0.19	2.36	0.02	1.73	0.09	Tr	Tr			0.1	0.02
404	Frango, inteiro, sem pele, cozido	2.2	2.5	1.5		0.04	1.58	0.55	0.01	Tr		404	0.01	0.23	2.26	0.02	1.42	0.07	Tr	Tr			0.09	0.02
405	Frango, inteiro, sem pele, cru	1.4	1.9	1		0.03	1.04	0.31	Tr	0.01		405		0.23	1.63	0.01	0.92	0.04	0.05				0.01	
406	Frango, peito, com pele, assado	2.2	2.7	1.8		0.04	1.53	0.56	0.01	Tr	Tr	406	0.01	0.22	2.45	0.02	1.7	0.1	Tr	Tr	Tr		0.1	0.02
407	Frango, peito, com pele, cru	2.2	3.2	0.9		0.06	1.66	0.46	0.01	0.01		407		0.44	2.75	0.03	0.8	0.03	0.03				0.03	
408	Frango, peito, sem pele, cozido	1.1	1.1	0.6		0.02	0.74	0.33	0.01	Tr	Tr	408		0.07	0.98	0.01	0.53	0.02	Tr	Tr			0.04	0.01
409	Frango, peito, sem pele, cru	1.1	1.3	Tr		0.03	0.79	0.25	Tr	0.01		409		0.16	1.16	0.01	Tr	0.01	0.02				0.01	
410	Frango, peito, sem pele, grelhado	0.9	0.9	0.3		0.02	0.65	0.27	Tr	Tr	Tr	410		0.07	0.8	0.01	0.31	0.01	Tr	Tr			0.04	Tr
411	Frango, sobrecoxa, com pele, assada	4.2	5.4	3.9		0.07	3.08	1.02	0.01	Tr		411	0.02	0.5	4.8	0.04	3.64	0.21	Tr	Tr			0.19	0.04
412	Frango, sobrecoxa, com pele, crua	6.5	9.6	3.6		0.12	4.96	1.31	0.02	0.02		412		1.13	8.44	0.02	3.41	0.12	0.08				0.06	
413	Frango, sobrecoxa, sem pele, assada	3.3	4.2	3.1		0.06	2.41	0.82	0.01	Tr		413	0.01	0.42	3.76	0.03	2.86	0.17	Tr	Tr			0.14	0.04
414	Frango, sobrecoxa, sem pele, crua	3	4.5	1.6		0.06	2.3	0.61	0.01	0.02		414		0.57	3.87	0.02	1.45	0.04	0.05				0.03	
415	Hambúrguer, bovino, cru	5.7	5.8	0.8	0.02	0.39	3.06	1.97	0.02			415	0.12	0.58	4.96	0.03	0.68	0.08	0.03			0.01	0.81	0.19
416	Hambúrguer, bovino, frito	5.9	6	3.7		0.29	3.18	2.19	0.03	0.03	0.02	416	0.07	0.41	5.37	0.07	3.28	0.29	0.03		0.02		0.33	0.11
		Sa-	Mono-	Poli-																				
Número do	Descrição dos alimentos	turados	insaturados	insaturados	12:0	14:0	16:0	18:0	20:0	22:0	24:0	Número do	14:1	16:1	18:1	20:1	18:2 n-6	18:3 n-3	20:4	20:5	22:5	22:6	18:1t	18:2t
Alimento		(g)	(g)	(g)	(g)	(g)	(g)	(g)	(g)	(g)	(g)	Alimento	(g)	(g)	(g)	(g)	(g)	(g)	(g)	(g)	(g)	(g)	(g)	(g)
417	Hambúrguer, bovino, grelhado	5.1	4.8	1.2		0.26	2.72	2.01	0.02	0.01		417	0.05	0.42	4.25	0.02	1.08	0.1	0.04	0.02			0.3	0.06
418	Lingüiça, frango, crua	5.2	7.3	3.5	0.01	0.16	3.59	1.35	0.02			418	0.01	0.52	6.7	0.08	3.08	0.17					0.04	
419	Lingüiça, frango, frita	5	7.2	4.3		0.14	3.46	1.33	0.03			419		0.45	6.6	0.1	3.85	0.25	0.09				0.04	
420	Lingüiça, frango, grelhada	4.7	6.8	3.4		0.14	3.26	1.26	0.02			420		0.44	6.2	0.09	3	0.17	0.09				0.04	
421	Lingüiça, porco, crua	4	5	1.7	0.01	0.15	2.52	1.24	0.02			421		0.25	4.66	0.08	1.48	0.05	0.06				0.03	
422	Lingüiça, porco, frita	6.5	8.2	2.7		0.25	4.17	2.01	0.03			422		0.29	7.66	0.13	2.43	0.11	0.09				0.03	
423	Lingüiça, porco, grelhada	7	8.7	2.6		0.27	4.47	2.17	0.03			423		0.44	8.07	0.13	2.35	0.1	0.1				0.03	
424	Mortadela	6.12	8.12	4.683333333		0.1666666667	4.153333333	1.743333333				424		0.5966666667	7.356666667	0.1233333333	4.406666667	0.2766666667						
425	Peru, congelado, assado	1.6	1.2	1.4		0.03	1.1	0.47	0.02	Tr	Tr	425		0.11	1.6	0.01	1.41	0.03	Tr	Tr			0.02	Tr
426	Peru, congelado, cru	0.4	0.4	0.7	0.01	0.01	0.26	0.14	Tr	0.01		426		0.03	0.41	Tr	0.63	0.03	0.06					
427	Porco, bisteca, crua	3.5	3.9	1.2	0.01	0.13	2.17	1.12	0.02			427		0.21	3.37	0.06	1.12	0.05	0.05					
428	Porco, bisteca, frita	5.974666667	6.581333333	4.563333333	0.05333333333	0.313	3.583	1.936	0.03533333333	0.018	0.018	428		0.248	6.173666667	0.1063333333	4.066666667	0.3186666667	0.071		0.018		0.1596666667	0.05333333333
429	Porco, bisteca, grelhada	7.5	7.7	1.2	0.02	0.27	4.27	2.82	0.03			429		0.31	7.14	0.13	1.03	0.03	0.03				0.09	
430	Porco, costela, assada	11.8	13.9	3.1		0.34	7.1	4.16	0.06			430		0.63	12.9	0.23	2.75	0.12	0.09				0.06	
431	Porco, costela, crua	7.4	8.3	2.3	0.02	0.28	4.59	2.42	0.03			431		0.45	7.64	0.12	2.11	0.09	0.08					
432	Porco, lombo, assado	2.6	2.9	0.7		0.08	1.54	0.97	0.01			432		0.11	2.63	0.16	0.55	0.07	0.02				0.02	
433	Porco, lombo, cru	3.3	3.7	1	0.01	0.12	2.08	1	0.02			433		0.22	3.39	0.06	0.88	0.04	0.05					
434	Porco, orelha, salgada, crua	7.3	11.2	2.8	0.02	0.33	4.99	1.84	0.03			434		0.9	10.15	0.19	2.58	0.11	0.09					 
435	Porco, pernil, assado	4.8	6.4	1.9		0.15	2.96	1.59	0.03			435		0.29	5.91	0.11	1.66	0.05	0.11					
436	Porco, pernil, cru	4.2	5	1.7	0.01	0.16	2.58	1.29	0.02	0.02		436		0.26	4.64	0.09	1.51	0.06	0.08					
437	Porco, rabo, salgado, cru	11.6	16.7	4.3		0.37	7.37	3.58	0.07			437		0.78	15.49	0.3	3.85	0.16	0.07				0.07	
438	Presunto, com capa de gordura	1.946666667	2.583333333	0.9966666667		0.06	1.223333333	0.63	0.01			438		0.13	2.386666667	0.05333333333	0.8666666667	0.03666666667	0.04333333333				0.01	
439	Presunto, sem capa de gordura	0.8566666667	1.13	0.46		0.02666666667	0.5466666667	0.27				439		0.06666666667	1.043333333	0.01666666667	0.3833333333	0.01333333333	0.04					
440	Quibe, assado	1.232	0.947	0.274		0.07666666667	0.6806666667	0.4333333333				440		0.06333333333	0.8736666667		0.2506666667	0.02333333333			Tr		0.06066666667	
441	Quibe, cru	0.65	0.6966666667	0.28		0.03	0.35	0.24				441		0.05666666667	0.6333333333	0.006666666667	0.21	0.03	0.02	0.01	0.01		0.03333333333	
442	Quibe, frito	4.577333333	5.025	4.998666667		0.1613333333	2.502333333	1.676666667	0.04033333333	0.04533333333	0.03033333333	442	0.02533333333	0.1663333333	4.747666667	0.04533333333	4.545666667	0.4076666667	0.03033333333				0.1813333333	0.07533333333
443	Salame	9.573333333	12.07666667	4.666666667		0.3366666667	5.78	3.093333333	0.05333333333			443		0.5466666667	11.20666667	0.2266666667	4.226666667	0.19	0.03				0.1033333333	
444	Toucinho, cru	17.7	20.1	10.1	0.06	0.75	11.42	5.21	0.09			444		0.98	18.82	0.28	9.32	0.68	0.15				0.21	
445	Toucinho, frito	20	26.2	14.6		0.64	12.89	6.17	0.12	0.07		445		1.02	24.55	0.45	12.93	0.86			0.06		0.33	0.25
		Sa-	Mono-	Poli-																				
Número do	Descrição dos alimentos	turados	insaturados	insaturados	12:0	14:0	16:0	18:0	20:0	22:0	24:0	Número do	14:1	16:1	18:1	20:1	18:2 n-6	18:3 n-3	20:4	20:5	22:5	22:6	18:1t	18:2t
Alimento		(g)	(g)	(g)	(g)	(g)	(g)	(g)	(g)	(g)	(g)	Alimento	(g)	(g)	(g)	(g)	(g)	(g)	(g)	(g)	(g)	(g)	(g)	(g)
																								
Leite e derivados																								
446	Bebida láctea, pêssego	1.1	0.6	Tr	0.05	0.19	0.54	0.25	Tr	Tr		446	0.01	0.02	0.53	0.01	0.03	0.02	Tr				0.06	Tr
447	Creme de Leite	11.82	5.1	0.45	0.49	1.91	5.58	2.383333333	0.04			447	0.1833333333	0.3633333333	4.503333333		0.3266666667	0.07					0.63	
448	Iogurte, natural	1.8	0.9	0.1	0.07	0.3	0.91	0.4	0.01	Tr	Tr	448	0.02	0.04	0.83	0.01	0.06	0.03	Tr		Tr	Tr		
449	Iogurte, natural, desnatado	0.2	0.1	 	0.01	0.03	0.1	0.05				449		 	0.09	 	Tr						0.01	
451	Iogurte, sabor morango	1.4	0.7	0.1	0.07	0.26	0.7	0.29	Tr			451	0.01	0.03	0.62	Tr	0.05	0.02	Tr		Tr	Tr		
452	Iogurte, sabor pêssego	1.4	0.6	0.1	0.06	0.25	0.7	0.29	Tr	Tr		452	0.01	0.03	0.59	Tr	0.04	0.02	Tr				0.06	Tr
453	Leite, condensado	4.2	1.7	0.2	0.17	0.73	2.1	0.82	0.01			453		0.14	1.47	0.02	0.1	0.04					0.2	0.03
454	Leite, de cabra	2.4	0.8	0.1	0.1	0.29	1	0.6	0.01	Tr		454		0.03	0.79	 	0.11	0.01	0.01				0.1	0.02
455	Leite, de vaca, achocolatado	1.1	0.6	0.1	0.03	0.14	0.53	0.29	0.01	Tr	Tr	455	0.01	0.03	0.56	Tr	0.11	0.01	Tr				0.19	0.03
456	Leite, de vaca, desnatado, pó	0.6	0.2	Tr	0.02	0.09	0.29	0.12	Tr	0.01	Tr	456	0.01	0.02	0.2		0.03	Tr	Tr				0.02	Tr
458	Leite, de vaca, integral	1.4	0.7	0.1	0.06	0.25	0.71	0.29			 	458	0.01	0.03	0.65		0.04	0.02			Tr	Tr		
459	Leite, de vaca, integral, pó	16.3	7.1	0.5	0.58	2.62	8.11	3.48	0.05		0.03	459	0.15	0.56	6.25	0.05	0.41	0.1					0.84	0.1
461	Queijo, minas, frescal	11.4	5.8	0.4	0.41	1.73	5.78	2.53	0.04	0.02	0.02	461	0.16	0.39	5.14	0.04	0.28	0.06	0.02				0.54	0.12
462	Queijo, minas, meia cura	13.22666667	5.586666667	0.3366666667	0.5533333333	2.126666667	6.15	2.586666667	0.05			462	0.23	0.4566666667	4.82		0.2366666667	0.1					0.9866666667	
463	Queijo, mozarela	14.23333333	5.95	0.4966666667	0.6133333333	2.373333333	6.656666667	3.02				463	0.22	0.4333333333	5.223333333		0.3066666667	0.077					0.8566666667	
464	Queijo, parmesão	19.7	8.7	0.4	0.7	3.26	10.07	4.24	0.06	0.03	0.03	464	0.32	0.63	7.67	0.03	0.29	0.11	0.03				1.01	0.16
465	Queijo, pasteurizado	15.9	7.3	0.4	0.58	2.58	8.05	3.38	0.05			465	0.23	0.49	6.45	0.05	0.33	0.08					0.85	0.18
466	Queijo, petit suisse, morango	1.6	0.8	Tr	0.05	0.23	0.81	0.4	0.01			466	0.02	0.05	0.76	 	0.04	0.01					0.09	
467	Queijo, prato	16.28666667	6.776666667	0.53	0.7133333333	2.673333333	7.593333333	3.163333333				467	0.27	0.5133333333	5.906666667		0.4233333333	0.1066666667					0.87	
468	Queijo, requeijão, cremoso	13.7	6.4	0.3	0.52	2.26	7.16	2.72	0.04	0.04	0.02	468	0.24	0.5	5.54	0.04	0.24	0.07					0.55	0.11
469	Queijo, ricota	4.5	2.4	0.2	0.15	0.66	2.28	1.06	0.02	0.02	0.02	469	0.06	0.15	2.16	0.02	0.14	0.02	0.01				0.21	0.04
																								
Ovos e derivados																								
484	Omelete, de queijo	6.398	6.987666667	6.198	0.08333333333	0.423	4.201	1.559666667	0.04133333333	0.04833333333	0.021	484	0.04133333333	0.2566666667	6.606666667	0.04833333333	5.525	0.444	0.1456666667			0.04133333333	0.1456666667	
485	Ovo, de codorna, inteiro, cru	8.9	12.1	2.7	Tr	0.13	6.39	2.31	0.01	0.03		485	0.03	1.07	11.01	0.03	2.2	0.1	0.44				0.04	0.07
487	Ovo, de galinha, gema, cozida/10minutos	9.2	12.1	4		0.08	6.56	2.43		0.03		487		0.67	11.29	0.07	3.25	0.05	0.44			0.1	0.05	0.03
488	Ovo, de galinha, inteiro, cozido/10minutos	2.9	3.8	1.1		0.02	2.07	0.76		0.01		488		0.21	3.51	0.02	0.94	0.02	0.12			0.02	0.02	
489	Ovo, de galinha, inteiro, cru	2.6	3.6	1.2		0.02	1.87	0.69		0.01	0.01	489		0.23	3.33	0.01	0.88	0.02	0.14		0.05	0.04		
490	Ovo, de galinha, inteiro, frito	4.116333333	5.727	4.913333333		0.03	2.945	1.051333333	0.015	0.03	0.015	490		0.228	5.449	0.035	4.343	0.332	0.1736666667			0.03466666667	0.015	
																								
		Sa-	Mono-	Poli-																				
Número do	Descrição dos alimentos	turados	insaturados	insaturados	12:0	14:0	16:0	18:0	20:0	22:0	24:0	Número do	14:1	16:1	18:1	20:1	18:2 n-6	18:3 n-3	20:4	20:5	22:5	22:6	18:1t	18:2t
Alimento		(g)	(g)	(g)	(g)	(g)	(g)	(g)	(g)	(g)	(g)	Alimento	(g)	(g)	(g)	(g)	(g)	(g)	(g)	(g)	(g)	(g)	(g)	(g)
Produtos açucarados																								
491	Achocolatado, pó	1.1	0.6	0.3	Tr	0.02	0.51	0.55	0.02	0.01	Tr	491		0.01	0.62		0.29	0.03					0.01	
495	Chocolate, ao leite	17.5	10	0.9	0.09	0.34	7.46	9.12	0.26	0.03		495		0.14	9.75	0.06	0.91	0.03					0.17	0.1
496	Chocolate, ao leite, com castanha do Pará	14.1	9.3	3.2	0.1	0.33	6.24	6.73	0.2	0.04	0.02	496		0.09	9.14		3.09	0.07					0.2	
497	Chocolate, ao leite, dietético	19.2	11.4	1.5	0.06	0.22	8.08	10.29	0.31	0.06	0.03	497		0.1	11.32		1.41	0.1					0.18	
498	Chocolate, meio amargo	13.1	8.1	1	0.01	0.06	5.61	7.08	0.21	0.04	0.02	498		0.05	8.03	0.01	0.94	0.06					0.14	
499	Cocada branca	8.4	0.4	0.1	4.56	1.56	0.61	0.2				499			0.36		0.07							
500	Doce, de abóbora, cremoso	Tr	Tr	Tr	Tr	Tr	0.02	Tr	Tr		Tr	500			0.02		0.01	0.01						
501	Doce, de leite, cremoso	1.316666667	3.86	1.95			0.73	0.1666666667	0.08333333333	0.2033333333	0.1266666667	501			3.74	0.1066666667	1.94	0.01						
502	Geléia, mocotó, natural	Tr	Tr	Tr			Tr	Tr				502			Tr		Tr							
509	Quindim	11.32666667	4.753333333	4.696666667	4.096666667	1.6	2.97	1.473333333	0.04	0.03666666667		509		0.1633333333	4.55	0.04333333333	4.186666667	0.35	0.1066666667				0.05	
																								
Miscelâneas																								
511	Café, pó, torrado	5.3	1.1	4.9		0.01	4.04	0.95	0.29	0.06		511		0.01	1.11	0.02	4.82	0.11						
512	Capuccino, pó	4	1.6	0.1	0.27	0.59	1.73	0.95	0.02	0.02		512	0.05	0.1	1.5	 	0.11	0.04					0.55	0.04
518	Shoyu	Tr	Tr	Tr	Tr	Tr	Tr	Tr		Tr		518			0.01		0.01	Tr						
																								
Outros alimentos industrializados																								
520	Azeitona, preta, conserva	3.5	11	3			2.87	0.47	0.08	0.02	0.01	520		0.29	10.57	0.04	2.77	0.19						
521	Azeitona, verde, conserva	2.3	8.3	1			1.93	0.29	0.05	0.01	0.01	521		0.18	8.07	0.03	0.91	0.13						
522	Chantilly, spray, com gordura vegetal	25.9	0.1	0.1	10.7	3.64	2.63	7.46	0.08		0.03	522		 	0.05	Tr	0.08							
523	Leite, de coco	15.6	0.9	0.2	8.25	2.99	1.33	0.51	0.01			523			0.92		0.17							
524	Maionese, tradicional com ovos	4.1	6.4	15.4		0.02	2.84	0.37	0.08	0.11	0.04	524		0.04	6.24	0.14	13.86	1.43						0.17
																								
Alimentos preparados																								
525	Acarajé	9.1	7.8	2.1	0.1	0.16	7.71	1.05	0.07	0.02		525			7.81		2.01	0.12						
526	Arroz carreteiro	3.2	3	0.2		0.19	1.61	1.29	0.01			526	0.04	0.24	2.64	0.01	0.16	0.03	0.01		0.01		0.18	0.03
527	Baião de dois, arroz e feijão-de-corda	0.6	1	1.5		Tr	0.42	0.13	0.01	0.01	Tr	527		0.02	0.95	Tr	1.36	0.13	Tr	Tr		Tr		0.01
528	Barreado	3.327	4.264666667	1.409333333		0.1153333333	2.045	1.106	Tr			528		0.2003333333	3.964666667	0.05433333333	1.236666667	0.064	0.04533333333	Tr	0.018		0.05733333333	
529	Bife à cavalo, com contra filé	7.938	8.195266667	3.261666667		0.384	4.589	2.634666667	0.03366666667	0.03366666667		529	0.1013333333	0.5732666667	7.318333333	0.04733333333	2.883666667	0.263	0.07433333333		0.02033333333	0.02033333333	0.404	
530	Bolinho de arroz	1.8	2.5	3.5		0.02	1.26	0.44	0.02	0.03	0.02	530		0.05	2.39	0.05	3.22	0.24	0.04		Tr	Tr	Tr	0.06
531	Camarão à baiana	1.642333333	0.903	1.524666667	1.348333333	0.618	0.7203333333	0.27	0.017	0.017		531		0.013	0.89		1.325333333	0.1256666667	0.011	0.02866666667		0.034		
		Sa-	Mono-	Poli-																				
Número do	Descrição dos alimentos	turados	insaturados	insaturados	12:0	14:0	16:0	18:0	20:0	22:0	24:0	Número do	14:1	16:1	18:1	20:1	18:2 n-6	18:3 n-3	20:4	20:5	22:5	22:6	18:1t	18:2t
Alimento		(g)	(g)	(g)	(g)	(g)	(g)	(g)	(g)	(g)	(g)	Alimento	(g)	(g)	(g)	(g)	(g)	(g)	(g)	(g)	(g)	(g)	(g)	(g)
532	Charuto, de repolho	0.463	0.4716666667	0.09733333333		0.01566666667	0.239	0.1976666667				532		0.02966666667	0.442		0.082	0.01533333333					0.02633333333	
533	Cuscuz, de milho, cozido com sal	0.2	0.2	0.3			0.15	0.02	Tr			533		 	0.22		0.26	Tr						
534	Cuscuz, paulista	1.8	1.8	0.8	0.03	0.15	1.12	0.41	0.01	0.02	0.01	534	0.01	0.07	1.64		0.69	0.1	Tr				0.04	Tr
535	Cuxá, molho	0.5883333333	1.266333333	1.548		0.003333333333	0.372	0.1753333333	0.01833333333	0.01133333333	0.004666666667	535		0.01033333333	1.248	0.008	1.444	0.056	Tr	0.01933333333		0.024		0.01733333333
536	Dobradinha	2.5	1.2	0.1	Tr	0.11	1.06	1.19	0.02	0.02	0.01	536	Tr	0.09	1.11	Tr	0.07	0.01	0.03		0.02		0.18	0.02
537	Estrogonofe de carne	5.255666667	3.322	0.8563333333	0.124	0.6503333333	2.808666667	1.57	0.017	0.02066666667		537	0.04133333333	0.1926666667	2.998666667	0.017	0.7366666667	0.079	0.02066666667		0.01		0.2616666667	0.01
538	Estrogonofe de frango	3.692	2.239666667	1.014666667	0.1166666667	0.5433333333	2.093666667	0.9313333333	0.015	0.01	Tr	538	0.03033333333	0.1016666667	2.045	0.015	0.911	0.06566666667	0.038		Tr		0.1853333333	0.01
539	Feijão tropeiro mineiro	2.16	2.866666667	1.526666667		0.06333333333	1.393333333	0.6733333333				539		0.13	2.693333333	0.04333333333	1.25	0.1933333333	0.04666666667					
540	Feijoada	1.923333333	2.586666667	1.583333333		0.06666666667	1.253333333	0.5833333333				540		0.13	2.413333333	0.04333333333	1.35	0.18	0.02					
541	Frango, com açafrão	1.61	2.508333333	1.793		0.03133333333	1.238666667	0.34	Tr	Tr		541	Tr	0.2593333333	2.231333333	0.01766666667	1.567333333	0.1123333333	0.03333333333		Tr		0.012	
542	Macarrão, molho bolognesa	0.271	0.2646666667	0.2883333333		Tr	0.205	0.066	Tr	Tr		542		0.01166666667	0.253	Tr	0.275	0.01333333333		Tr			Tr	Tr
543	Maniçoba	2.893333333	3.676	1.673666667		0.083	1.732333333	1.009	0.017	0.008		543		0.158	3.418	0.075	1.411	0.155	0.03566666667				0.03866666667	
544	Quibebe	1.042333333	1.105333333	0.24		0.075	0.6103333333	0.316	Tr		Tr	544	0.02666666667	0.11	0.948	Tr	0.177	0.063	Tr	Tr	Tr		0.05866666667	Tr
545	Salada, de legumes, com maionese	1.094333333	1.767333333	3.815333333			0.7873333333	0.26	0.02	0.027	Tr	545		Tr	1.747333333	0.02	3.458666667	0.3566666667						0.01333333333
546	Salada, de legumes, cozida no vapor	0.06233333333	Tr	0.1623333333			0.05233333333	0.01	Tr			546		Tr	0.021		0.07233333333	0.07666666667						
547	Salpicão, de frango	1.339	2.080666667	3.997666667		Tr	0.9273333333	0.337	0.02233333333	0.03733333333	0.015	547		0.03733333333	2.021	0.02233333333	3.600333333	0.36	0.03733333333					0.015
548	Sarapatel	1.393	1.106	0.718		0.024	0.756	0.5566666667	0.01633333333	0.009333333333	0.01866666667	548		0.02933333333	1.042333333	0.01333333333	0.614	0.02766666667	0.04333333333	Tr			Tr	
549	Tabule	0.21	0.83	0.2333333333			0.1766666667	0.03333333333				549		0.01	0.82		0.2033333333	0.03						
550	Tacacá	0.1756666667	0.1283333333	Tr		0.002333333333	0.1036666667	0.05033333333	0.004333333333	0.005666666667		550		0.006333333333	0.1193333333	Tr	0.028							
551	Tapioca, com manteiga	6.045333333	2.963	0.1876666667	0.2466666667	1.077333333	3.379	1.383666667	0.021			551	0.08366666667	0.1776666667	2.638666667	0.021	0.1666666667	0.021					0.2956666667	0.03133333333
552	Tucupi, com pimenta-de-cheiro	0.06133333333	0.1453333333	Tr			0.06133333333	Tr		Tr		552			0.1453333333	Tr	0.043	Tr						
553	Vaca atolada	4.138	3.158333333	1.229666667		0.294	2.097333333	1.574333333	0.018	Tr		553	0.04466666667	0.211	2.813	0.018	1.111	0.1186666667					0.214	
554	Vatapá	7.497333333	9.673	4.73	0.04433333333	0.3406666667	4.596333333	2.42	0.04433333333			554		0.3403333333	9.066666667	0.1703333333	4.211666667	0.3036666667	0.05933333333				0.148	
555	Virado à paulista	8.277	10.58466667	5.121333333	0.049	0.367	5.121	2.642333333	0.049			555		0.4403333333	9.851333333	0.1873333333	4.567	0.3183333333	0.065				0.171	
556	Yakisoba	0.583	0.868	0.9886666667		Tr	0.3903333333	0.1926666667	Tr			556		0.02733333333	0.8406666667	Tr	0.943	0.04566666667		Tr			0.01266666667	
																								
Leguminosas e derivados																								
557	Amendoim, grão, cru	8.7	17.2	16.2			4.85	1.21	0.56	1.36	0.66	557		0.03	16.67	0.45	16.17	0.04						
558	Amendoim, torrado, salgado	9.74	29.06	14.23333333		0.04	5.276666667	1.276666667	0.6266666667	1.52	0.9366666667	558			28.15333333	0.7933333333	14.17666667	0.06333333333						
559	Ervilha, em vagem	Tr	0.1	0.3		Tr		0.02	Tr	Tr	0.01	559		Tr	0.08	Tr	0.27	0.04						
560	Ervilha, enlatada, drenada	0.1	0.1	0.2		Tr	0.06	0.02	Tr	Tr	Tr	560			0.1	Tr	0.15	0.02						
561	Feijão, carioca, cozido	0.1	0.1	0.3			0.11	0.02	Tr	Tr	0.01	561		Tr	0.08	 	0.16	0.14						
		Sa-	Mono-	Poli-																				
Número do	Descrição dos alimentos	turados	insaturados	insaturados	12:0	14:0	16:0	18:0	20:0	22:0	24:0	Número do	14:1	16:1	18:1	20:1	18:2 n-6	18:3 n-3	20:4	20:5	22:5	22:6	18:1t	18:2t
Alimento		(g)	(g)	(g)	(g)	(g)	(g)	(g)	(g)	(g)	(g)	Alimento	(g)	(g)	(g)	(g)	(g)	(g)	(g)	(g)	(g)	(g)	(g)	(g)
562	Feijão, carioca, cru	0.2	0.1	0.9			0.14	0.03	Tr	0.01	0.01	562			0.11		0.4	0.49						
563	Feijão, fradinho, cozido	0.2	0.1	0.3		Tr	0.18	0.03	0.01	0.02	0.01	563		Tr	0.05	Tr	0.21	0.1						
564	Feijão, fradinho, cru	0.7	0.2	0.9	Tr	Tr	0.5	0.08	0.02	0.04	0.03	564			0.15	0.01	0.58	0.28						
565	Feijão, jalo, cozido	0.1	0.1	0.3		Tr	0.1	0.01	Tr	Tr	0.01	565		Tr	0.06		0.11	0.2						
566	Feijão, jalo, cru	0.3	0.2	0.6		Tr	0.25	0.03	Tr	0.01	0.01	566		Tr	0.15		0.23	0.41						
567	Feijão, preto, cozido	0.1	0.1	0.3			0.11	0.02	Tr	0.01	0.01	567			0.09		0.16	0.11						
568	Feijão, preto, cru	0.2	0.1	0.8		Tr	0.15	0.03	0.01	0.01	0.01	568	Tr	Tr	0.13		0.38	0.47						
569	Feijão, rajado, cozido	0.1	Tr	0.2		Tr	0.1	0.02	Tr	Tr	Tr	569		Tr	0.03		0.09	0.13						
570	Feijão, rajado, cru	0.4	0.1	0.8		Tr	0.3	0.04	0.01	0.01	0.01	570		Tr	0.14		0.29	0.46						
571	Feijão, rosinha, cozido	0.2	Tr	0.2		Tr	0.12	0.02	0.01	0.02	0.01	571		Tr	0.04	Tr	0.16	0.07						
572	Feijão, rosinha, cru	0.6	0.1	0.7		Tr	0.28	0.05	0.01	0.03	0.02	572			0.09	0.01	0.33	0.14						
573	Feijão, roxo, cozido	0.1	0.1	0.3		Tr	0.1	0.01	Tr	Tr	Tr	573		Tr	0.06	Tr	0.14	0.19						
574	Feijão, roxo, cru	0.3	0.2	0.8		Tr	0.27	0.03	Tr	0.01	0.01	574		Tr	0.16		0.34	0.46						
575	Grão-de-bico, cru	0.9	1.4	2.8		0.01	0.57	0.2	0.05	0.02	0.01	575		0.01	1.42	0.02	2.71	0.13						
576	Guandu, cru	0.6	0.2	0.9		Tr	0.44	0.08	0.02	0.02	0.02	576		Tr	0.13	Tr	0.86	0.06					Tr	
577	Lentilha, cozida	0.1	0.1	0.3		Tr	0.08	0.01	Tr	Tr	Tr	577		Tr	0.14	Tr	0.21	0.04						
578	Lentilha, crua	0.1	0.2	0.4		0.01	0.1	0.01	0.01	Tr	Tr	578	Tr	Tr	0.16	0.01	0.33	0.09						
579	Paçoca, amendoim	4.1	10	7.3			2.24	0.56	0.27	0.65	0.34	579		0.01	9.73	0.26	7.25	0.02						
580	Pé-de-moleque, amendoim	5.08	14.39	8.25			2.7	0.6366666667	0.3466666667	0.8433333333	0.5133333333	580		0.01666666667	13.90666667	0.41	8.25							
582	Soja, extrato solúvel, natural, fluido	0.2	0.3	0.6		Tr	0.12	0.05	Tr	0.01	Tr	582		Tr	0.25	0.01	0.58	0.06						0.01
583	Soja, extrato solúvel, pó	3.3	6.4	12.9		0.02	2.53	0.57	0.06	0.09	0.03	583		0.02	6.3	0.05	11.67	1.23						
584	Soja, queijo (tofu)	0.4	0.5	1.7		0.01	0.27	0.1	0.01	0.01	Tr	584		Tr	0.51	Tr	1.48	0.2						
585	Tremoço, cru	1.2	5.4	1.7			0.61	0.19	0.1	0.26	0.05	585		0.02	4.89	0.33	1.08	0.57						
586	Tremoço, em conserva	0.4	1.9	0.6			0.2	0.06	0.03	0.09	0.02	586		Tr	1.82	0.12	0.4	0.22						
																								
Nozes e sementes																								
587	Amêndoa, torrada, salgada	4.8	32.3	16.2		0.04	3.91	0.77	0.04	0.02		587		0.22	31.95	0.03	16.17	0.03					0.1	0.02
588	Castanha-de-caju, torrada, salgada	7.7	26.5	8.1			3.95	3.42	0.23	0.06	0.06	588		0.13	26.27	0.08	8	0.08					0.11	
589	Castanha-do-Brasil, crua	15.3	27.4	21		0.04	0.04	6.14	0.16	0.03		589		0.18	27.14	0.04	20.97	0.04						
590	Coco, cru	30	1.5	0.3	15.37	6.12	2.74	0.97				590			1.47		0.32							
591	Coco, verde, cru	3.140333333	1.147666667	0.2773333333	1.239666667	0.8033333333	0.7743333333	0.1376666667	Tr	Tr	0.014	591		Tr	1.147666667	Tr	0.2773333333							
593	Gergelim, semente	7.8	19.9	22.5		0.03	4.86	2.58	0.26		0.04	593		0.07	19.72	0.09	22.39	0.16						
		Sa-	Mono-	Poli-																				
Número do	Descrição dos alimentos	turados	insaturados	insaturados	12:0	14:0	16:0	18:0	20:0	22:0	24:0	Número do	14:1	16:1	18:1	20:1	18:2 n-6	18:3 n-3	20:4	20:5	22:5	22:6	18:1t	18:2t
Alimento		(g)	(g)	(g)	(g)	(g)	(g)	(g)	(g)	(g)	(g)	Alimento	(g)	(g)	(g)	(g)	(g)	(g)	(g)	(g)	(g)	(g)	(g)	(g)
594	Linhaça, semente	4.2	7.1	25.3		0.03	2.49	1.62	0.06		0.04	594		0.03	7.06	0.04	5.42	19.81						
595	Pinhão, cozido	0.3	0.1	0.2			0.18	0.04	0.03	0.02		595			0.09		0.22							
596	Pupunha, cozida	3.066	6.782333333	0.3606666667			2.77	0.2553333333	0.03066666667			596		0.3233333333	6.449	0.01	0.279	0.08166666667						
597	Noz, crua	5.6	8.7	44.1			4.26	1.34				597			8.66	0.09	35.3	8.82						